{
  "name": "Fundamental Stock Analysis",
  "nodes": [
    {
      "parameters": {
        "options": {}
      },
      "id": "df426922-b60d-4205-a4ae-6da4ce42c18b",
      "name": "Embeddings OpenAI1",
      "type": "@n8n/n8n-nodes-langchain.embeddingsOpenAi",
      "position": [
        320,
        320
      ],
      "typeVersion": 1
    },
    {
      "parameters": {},
      "id": "9b5335ee-af92-4a36-9545-4325b4a5b6e5",
      "name": "On new manual Chat Message",
      "type": "@n8n/n8n-nodes-langchain.manualChatTrigger",
      "position": [
        -40,
        -160
      ],
      "typeVersion": 1,
      "disabled": true
    },
    {
      "parameters": {
        "content": "## Step 2: Setup the Q&A \n### The incoming message from the webhook is queried from the Supabase Vector Store. The response is provided in the response webhook. ",
        "height": 733.5099670584011,
        "width": 903.0896125323785,
        "color": 6
      },
      "id": "9214441c-77bf-4aa1-a064-9050677695d4",
      "name": "Sticky Note1",
      "type": "n8n-nodes-base.stickyNote",
      "position": [
        -100,
        -280
      ],
      "typeVersion": 1
    },
    {
      "parameters": {
        "query": "={{ $json.body.input }}",
        "options": {}
      },
      "id": "59005da3-1128-44b7-94a3-6f03355e35a0",
      "name": "Retrieval QA Chain",
      "type": "@n8n/n8n-nodes-langchain.chainRetrievalQa",
      "position": [
        240,
        -160
      ],
      "typeVersion": 1
    },
    {
      "parameters": {
        "respondWith": "text",
        "responseBody": "={{ $json.response.text }}",
        "options": {}
      },
      "id": "191a3ff4-c30e-44a8-88e0-3d680e25c4c6",
      "name": "Respond to Webhook",
      "type": "n8n-nodes-base.respondToWebhook",
      "position": [
        640,
        -160
      ],
      "typeVersion": 1
    },
    {
      "parameters": {
        "topK": 5
      },
      "id": "1ec915fe-7389-4eed-80ad-38fa93a5e48f",
      "name": "Vector Store Retriever",
      "type": "@n8n/n8n-nodes-langchain.retrieverVectorStore",
      "position": [
        380,
        40
      ],
      "typeVersion": 1
    },
    {
      "parameters": {
        "httpMethod": "POST",
        "path": "19f5499a-3083-4783-93a0-e8ed76a9f742",
        "responseMode": "responseNode",
        "options": {}
      },
      "id": "736b97a9-debc-4ec9-b980-636b52390efe",
      "name": "Webhook1",
      "type": "n8n-nodes-base.webhook",
      "position": [
        -40,
        20
      ],
      "webhookId": "679f4afb-189e-4f04-9dc0-439eec2ec5f1",
      "typeVersion": 1.1
    },
    {
      "parameters": {},
      "id": "64c6b4bf-f3ec-4167-88dd-825006f01e4f",
      "name": "When clicking \"Execute Workflow\"",
      "type": "n8n-nodes-base.manualTrigger",
      "position": [
        -1380,
        -140
      ],
      "typeVersion": 1
    },
    {
      "parameters": {
        "operation": "download",
        "fileId": {
          "__rl": true,
          "mode": "list",
          "value": "1LZezppYrWpMStr4qJXtoIX-Dwzvgehll",
          "cachedResultUrl": "https://drive.google.com/file/d/1LZezppYrWpMStr4qJXtoIX-Dwzvgehll/view?usp=drivesdk",
          "cachedResultName": "crowdstrike.pdf"
        },
        "options": {}
      },
      "id": "51ddcb9f-a616-4938-925d-588b6e48f0b9",
      "name": "Google Drive",
      "type": "n8n-nodes-base.googleDrive",
      "position": [
        -1080,
        -140
      ],
      "typeVersion": 3
    },
    {
      "parameters": {
        "loader": "pdfLoader",
        "options": {}
      },
      "id": "6a93bf04-ad3a-4cde-a78f-fe7919ecf0b7",
      "name": "Binary to Document",
      "type": "@n8n/n8n-nodes-langchain.documentBinaryInputLoader",
      "position": [
        -800,
        80
      ],
      "typeVersion": 1
    },
    {
      "parameters": {
        "chunkSize": 3000,
        "chunkOverlap": 200,
        "options": {}
      },
      "id": "8f6280b3-0c4e-4290-9189-5b2b9da04f82",
      "name": "Recursive Character Text Splitter",
      "type": "@n8n/n8n-nodes-langchain.textSplitterRecursiveCharacterTextSplitter",
      "position": [
        -800,
        240
      ],
      "typeVersion": 1
    },
    {
      "parameters": {
        "options": {}
      },
      "id": "7708871f-f597-42de-83e5-fa01c9d0f646",
      "name": "Embeddings OpenAI",
      "type": "@n8n/n8n-nodes-langchain.embeddingsOpenAi",
      "position": [
        -500,
        80
      ],
      "typeVersion": 1
    },
    {
      "parameters": {
        "content": "## Step 1: Upserting the PDF\n### Fetch file from Google Drive, split it into chunks and insert into Supabase index\n\n",
        "height": 732.3675002130781,
        "width": 772.0680602743597,
        "color": 6
      },
      "id": "df236d29-4ee5-486a-a3dc-f102a98d13ea",
      "name": "Sticky Note",
      "type": "n8n-nodes-base.stickyNote",
      "position": [
        -1120,
        -280
      ],
      "typeVersion": 1
    },
    {
      "parameters": {
        "mode": "insert",
        "qdrantCollection": {
          "__rl": true,
          "mode": "id",
          "value": "=crowd"
        },
        "options": {}
      },
      "id": "05fe5831-c749-40d8-ac74-3dd77c75edf5",
      "name": "Qdrant Vector Store",
      "type": "@n8n/n8n-nodes-langchain.vectorStoreQdrant",
      "position": [
        -720,
        -140
      ],
      "typeVersion": 1
    },
    {
      "parameters": {
        "qdrantCollection": {
          "__rl": true,
          "mode": "id",
          "value": "={{ $json.body.company }}"
        },
        "options": {}
      },
      "id": "e874c2f2-16df-46bd-a046-4e6a7b063fed",
      "name": "Qdrant Vector Store1",
      "type": "@n8n/n8n-nodes-langchain.vectorStoreQdrant",
      "position": [
        340,
        200
      ],
      "typeVersion": 1
    },
    {
      "parameters": {
        "options": {}
      },
      "id": "3b39f67c-7dea-4bd4-9508-4c0217a9aae5",
      "name": "OpenAI Chat Model",
      "type": "@n8n/n8n-nodes-langchain.lmChatOpenAi",
      "position": [
        240,
        60
      ],
      "typeVersion": 1
    }
  ],
  "pinData": {},
  "connections": {
    "Webhook1": {
      "main": [
        [
          {
            "node": "Retrieval QA Chain",
            "type": "main",
            "index": 0
          }
        ]
      ]
    },
    "Google Drive": {
      "main": [
        [
          {
            "node": "Qdrant Vector Store",
            "type": "main",
            "index": 0
          }
        ]
      ]
    },
    "Embeddings OpenAI": {
      "ai_embedding": [
        [
          {
            "node": "Qdrant Vector Store",
            "type": "ai_embedding",
            "index": 0
          }
        ]
      ]
    },
    "OpenAI Chat Model": {
      "ai_languageModel": [
        [
          {
            "node": "Retrieval QA Chain",
            "type": "ai_languageModel",
            "index": 0
          }
        ]
      ]
    },
    "Binary to Document": {
      "ai_document": [
        [
          {
            "node": "Qdrant Vector Store",
            "type": "ai_document",
            "index": 0
          }
        ]
      ]
    },
    "Embeddings OpenAI1": {
      "ai_embedding": [
        [
          {
            "node": "Qdrant Vector Store1",
            "type": "ai_embedding",
            "index": 0
          }
        ]
      ]
    },
    "Retrieval QA Chain": {
      "main": [
        [
          {
            "node": "Respond to Webhook",
            "type": "main",
            "index": 0
          }
        ]
      ]
    },
    "Qdrant Vector Store1": {
      "ai_vectorStore": [
        [
          {
            "node": "Vector Store Retriever",
            "type": "ai_vectorStore",
            "index": 0
          }
        ]
      ]
    },
    "Vector Store Retriever": {
      "ai_retriever": [
        [
          {
            "node": "Retrieval QA Chain",
            "type": "ai_retriever",
            "index": 0
          }
        ]
      ]
    },
    "On new manual Chat Message": {
      "main": [
        [
          {
            "node": "Retrieval QA Chain",
            "type": "main",
            "index": 0
          }
        ]
      ]
    },
    "When clicking \"Execute Workflow\"": {
      "main": [
        [
          {
            "node": "Google Drive",
            "type": "main",
            "index": 0
          }
        ]
      ]
    },
    "Recursive Character Text Splitter": {
      "ai_textSplitter": [
        [
          {
            "node": "Binary to Document",
            "type": "ai_textSplitter",
            "index": 0
          }
        ]
      ]
    }
  },
  "active": false,
  "settings": {
    "executionOrder": "v1"
  },
  "versionId": "fd5672ad-62ba-45c6-bf5e-41457c352d71",
  "meta": {
    "templateCredsSetupCompleted": true,
    "instanceId": "5909f619521f7fe7348c10750d8010c6a821bbcfe21868c3387d252b34e43e83"
  },
  "id": "Kg05Z3dDDLBkhUri",
  "tags": []
}