{
  "name": "My workflow 8",
  "nodes": [
    {
      "parameters": {
        "formId": "yxcvbnm"
      },
      "name": "Typeform Trigger",
      "type": "n8n-nodes-base.typeformTrigger",
      "position": [
        -240,
        240
      ],
      "webhookId": "1234567890",
      "notesInFlow": true,
      "typeVersion": 1,
      "id": "f2c51f6c-bad6-459d-9cd8-7c773fd0f512",
      "credentials": {
        "typeformApi": {
          "id": null,
          "name": "typeform"
        }
      },
      "notes": "course feedback"
    },
    {
      "parameters": {
        "conditions": {
          "number": [
            {
              "value1": "={{$json[\"usefulness\"]}}",
              "operation": "largerEqual",
              "value2": 3
            }
          ],
          "string": [],
          "boolean": []
        }
      },
      "name": "IF",
      "type": "n8n-nodes-base.if",
      "position": [
        160,
        240
      ],
      "notesInFlow": true,
      "typeVersion": 1,
      "id": "5ab25ae4-a281-4d84-a375-69934910ee40",
      "notes": "filter feedback"
    },
    {
      "parameters": {
        "authentication": "oAuth2",
        "operation": "append",
        "sheetId": "asdfghjklöä",
        "range": "positive_feedback!A:C",
        "options": {}
      },
      "name": "Google Sheets",
      "type": "n8n-nodes-base.googleSheets",
      "position": [
        360,
        140
      ],
      "notesInFlow": true,
      "typeVersion": 1,
      "id": "62dad65a-0207-42c5-92f0-c0d032ef5884",
      "credentials": {
        "googleSheetsOAuth2Api": {
          "id": null,
          "name": "google_sheets_oauth"
        }
      },
      "notes": "positive feedback"
    },
    {
      "parameters": {
        "keepOnlySet": true,
        "values": {
          "number": [
            {
              "name": "usefulness",
              "value": "={{$json[\"How useful was the course?\"]}}"
            }
          ],
          "string": [
            {
              "name": "opinion",
              "value": "={{$json[\"Your opinion on the course:\"]}}"
            }
          ],
          "boolean": []
        },
        "options": {}
      },
      "name": "Set",
      "type": "n8n-nodes-base.set",
      "position": [
        -40,
        240
      ],
      "notesInFlow": true,
      "typeVersion": 1,
      "id": "117be897-a98c-48d7-9857-4a3af0ab845f",
      "notes": "capture typeform data"
    },
    {
      "parameters": {
        "authentication": "oAuth2",
        "operation": "append",
        "sheetId": "qwertzuiop",
        "range": "negative_feedback!A:C",
        "keyRow": 1,
        "options": {}
      },
      "name": "Google Sheets1",
      "type": "n8n-nodes-base.googleSheets",
      "position": [
        360,
        340
      ],
      "notesInFlow": true,
      "typeVersion": 1,
      "id": "f9eb93de-dbd5-42e4-a394-1fc39e7281a0",
      "credentials": {
        "googleSheetsOAuth2Api": {
          "id": null,
          "name": "google_sheets_oauth"
        }
      },
      "notes": "negative feedback"
    }
  ],
  "pinData": {},
  "connections": {
    "IF": {
      "main": [
        [
          {
            "node": "Google Sheets",
            "type": "main",
            "index": 0
          }
        ],
        [
          {
            "node": "Google Sheets1",
            "type": "main",
            "index": 0
          }
        ]
      ]
    },
    "Set": {
      "main": [
        [
          {
            "node": "IF",
            "type": "main",
            "index": 0
          }
        ]
      ]
    },
    "Typeform Trigger": {
      "main": [
        [
          {
            "node": "Set",
            "type": "main",
            "index": 0
          }
        ]
      ]
    }
  },
  "active": false,
  "settings": {
    "executionOrder": "v1"
  },
  "versionId": "",
  "meta": {
    "templateCredsSetupCompleted": true,
    "instanceId": "170c2b4a444ee56a17ae2d71963a292e1d55ad5af080521745d74713f228275e"
  },
  "tags": []
}